checkpoint,media,mediana,std,mejor,peor,q25,q75
840k,14.647156199999154,14.486775199999101,6.6492006096165115,21.934079800033942,1.6814354999223724,11.905012099945452,20.615221100044437
880k,12.581365360016935,13.38887230004184,5.8993357912766795,21.215686300070956,1.6321035000728443,10.939805199974217,15.126197149977088
920k,11.774716360013311,12.968076499993913,5.7181032733813115,20.131365400040522,1.6489745000144467,10.597949050017633,14.411929699999746
960k,14.49496877999045,18.34856079996098,7.2620256276321165,21.346141399932094,1.6144037999911234,8.500597050006036,20.69760844996199
1000k,11.563235920015723,12.755271499976516,7.2055516097941,20.780447800061665,1.6126052000327036,4.304471000039484,18.78184049995616
1040k,8.671536406657347,6.077424200018868,8.343192397010007,30.222643200075254,1.6159987999126315,2.4316228500101715,10.412839950004127
