checkpoint,media,mediana,std,mejor,peor,q25,q75
680k,6.710487906681374,4.578343400033191,5.6322508201859485,17.16551329998765,1.6144903000677004,1.6901894500479102,11.539303549972828
720k,9.892291593303282,13.069849199964665,6.126229888598117,20.73371329996735,1.6156706999754533,4.824677599943243,13.29650044994196
760k,11.345908346671301,13.303939600009471,5.869357695946533,18.60035229998175,1.6817755999509245,4.786701450007968,17.324933099967893
800k,14.833585986634716,14.851558199967258,4.727529484159484,21.178825499955565,1.6821375000290573,11.954971299914178,18.465478399943095
840k,4.726158646680415,4.626392400008626,3.8877793139971537,18.492085800040513,1.6126771999988705,2.823106900032144,4.737740850017872
880k,4.365904606676971,4.711930199991912,1.2679546994847202,7.0911811999976635,1.6150406999513507,4.237009249976836,4.7694048000266775
920k,4.07028468666443,4.564451300073415,2.3891247646917866,11.522265400039032,1.614084400003776,1.855507000000216,4.623313499963842
960k,4.228426633317334,4.729119400028139,1.0501259154557148,4.919867299962789,1.6793575999327004,4.2874180499929935,4.787799849931616
1000k,5.522047453342626,4.712261700071394,3.5996498896822944,18.54917800007388,1.6158417999977246,4.553897900041193,4.820053250005003
